{
  "name": "helloworld",
  "description": "Installs/Configures helloworld",
  "long_description": "Installs/Configures helloworld",
  "maintainer": "The Authors",
  "maintainer_email": "you@example.com",
  "license": "All Rights Reserved",
  "platforms": {

  },
  "dependencies": {

  },
  "providing": {

  },
  "attributes": {

  },
  "recipes": {

  },
  "version": "0.1.1",
  "source_url": "",
  "issues_url": "",
  "privacy": false,
  "chef_versions": [
    [
      ">= 12.14"
    ]
  ],
  "ohai_versions": [

  ],
  "gems": [

  ]
}
