{
    "$schema": "https://schema.management.azure.com/schemas/2015-01-01/deploymentTemplate.json#",
    "contentVersion": "1.0.0.0",
    "parameters": {
        "location": {
            "type": "string",
            "defaultValue": "[resourceGroup().location]",
            "metadata": {
               "description": "Specifies the location in which to create the workspace."
            }
        },
        "sku": {
            "type": "string",
            "allowedValues": [
                "Free", 
                "Standard", 
                "Premium", 
                "PerNode", 
                "PerGB2018", 
                "Standalone"
            ],
            "defaultValue": "PerGB2018",
            "metadata": {
                "description": "Specifies the service tier of the workspace."
            }
          }
    },
    "variables": {
        "workspaceName": "[substring(uniqueString(resourceGroup().id),0,12)]"
    },
    "resources": [
        {
            "type": "Microsoft.OperationalInsights/workspaces",
            "name": "[variables('workspaceName')]",
            "apiVersion": "2015-11-01-preview",
            "location": "[parameters('location')]",
            "properties": {
                "sku": {
                    "name": "[parameters('sku')]"
                },
                "retentionInDays": 30,
                "features": {
                    "legacy": 0,
                    "searchVersion": 1,
                    "enableLogAccessUsingOnlyResourcePermissions": true
                },
                "workspaceCapping": {
                    "dailyQuotaGb": -1
                }
            }
          }
       ],
       "outputs": {
        "workspaceResourceId": {
            "type": "string",
            "value": "[resourceId('Microsoft.OperationalInsights/workspaces/', variables('workspaceName'))]"
        }
       }
    }