{
  "variables": {
        "autounattend": "./answer_files/2019/Autounattend.xml",
        "disk_size": "61440",
        "disk_type_id": "1",
        "memory": "4096",
        "headless": "false",
        "hyperv_switchname": "Lab",
        "iso_checksum": "sha256:549bca46c055157291be6c22a3aaaed8330e78ef4382c99ee82c896426a1cee1",
        "iso_url": "https://software-download.microsoft.com/download/pr/17763.737.190906-2324.rs5_release_svc_refresh_SERVER_EVAL_x64FRE_en-us_1.iso",
        "manually_download_iso_from": "https://www.microsoft.com/en-us/evalcenter/evaluate-windows-server-2019",
        "restart_timeout": "5m",
        "virtio_win_iso": "~/virtio-win.iso",
        "winrm_timeout": "2h"
    },
  "builders": [
    {
      "boot_wait": "0s",
      "communicator": "winrm",
      "configuration_version": "8.0",
      "cpus": 2,
      "disk_size": "{{user `disk_size`}}",
      "enable_secure_boot": true,
      "enable_virtualization_extensions": true,
      "floppy_files": [
        "{{user `autounattend`}}",
        "./scripts/disable-screensaver.ps1",
        "./scripts/disable-winrm.ps1",
        "./scripts/enable-winrm.ps1",
        "./scripts/microsoft-updates.bat",
        "./scripts/unattend.xml",
        "./scripts/sysprep.bat",
        "./scripts/win-updates.ps1"
      ],
      "guest_additions_mode": "disable",
      "iso_checksum": "{{user `iso_checksum`}}",
      "iso_url": "{{user `iso_url`}}",
      "memory": "{{user `memory`}}",
      "shutdown_command": "a:/sysprep.bat",
      "switch_name": "{{user `hyperv_switchname`}}",
      "type": "hyperv-iso",
      "vm_name": "WindowsServer2019",
      "winrm_password": "vagrant",
      "winrm_timeout": "{{user `winrm_timeout`}}",
      "winrm_username": "vagrant"
    }
  ],
  "provisioners": [
    {
      "execute_command": "{{ .Vars }} cmd /c \"{{ .Path }}\"",
      "scripts": [
        "./scripts/vm-guest-tools.bat",
        "./scripts/enable-rdp.bat"
      ],
      "type": "windows-shell"
    },
    {
      "scripts": [
        "./scripts/debloat-windows.ps1"
      ],
      "type": "powershell"
    },
    {
      "restart_timeout": "{{user `restart_timeout`}}",
      "type": "windows-restart"
    },
    {
      "execute_command": "{{ .Vars }} cmd /c \"{{ .Path }}\"",
      "scripts": [
        "./scripts/pin-powershell.bat",
        "./scripts/set-winrm-automatic.bat",
        "./scripts/uac-enable.bat",
        "./scripts/compile-dotnet-assemblies.bat",
        "./scripts/dis-updates.bat",
        "./scripts/compact.bat"
      ],
      "type": "windows-shell"
    }
  ],
  "post-processors": [
    {
      "keep_input_artifact": false,
      "output": "windows_2019_{{.Provider}}.box",
      "type": "vagrant",
      "vagrantfile_template": "vagrantfile-windows_2019.template"
    }
  ]
}
