{
    "$schema-version": "0.0.1",
    "description": "",
    "image": {
        "repository": "$CONTAINER_REGISTRY_ADDRESS/cameracapture",
        "tag": {
            "version": "0.2.8",
            "platforms": {
                "amd64": "./amd64.Dockerfile",
                "arm32v7": "./arm32v7.Dockerfile",
                "test-arm32v7": "./test-arm32v7.Dockerfile",
                "test-amd64": "./test-amd64.Dockerfile"
            }
        },
        "buildOptions": []
    },
    
    "language": "python"
}