{
  "$schema": "http://schema.management.azure.com/schemas/2015-01-01/deploymentTemplate.json#",
  "contentVersion": "1.0.0.0",
  "parameters": {
    "serverFarmName": {
      "type": "string",
      "minLength": 1,
      "defaultValue": "pldeepdive"
    },
    "serverFarmSkuName": {
      "type": "string",
      "defaultValue": "F1",
      "allowedValues": [
        "F1",
        "D1",
        "B1",
        "B2",
        "B3",
        "S1",
        "S2",
        "S3",
        "P1",
        "P2",
        "P3",
        "P4"
      ],
      "metadata": {
        "description": "Describes plan's pricing tier and capacity. Check details at https://azure.microsoft.com/en-us/pricing/details/app-service/"
      }
    }

  },
  "variables": {
    "webAppName": "[concat('pldeepdive', uniqueString(resourceGroup().id))]"

  },
  "resources": [
    {
      "name": "[parameters('serverFarmName')]",
      "type": "Microsoft.Web/serverfarms",
      "location": "[resourceGroup().location]",
      "apiVersion": "2015-08-01",
      "sku": {
        "name": "[parameters('serverFarmSkuName')]"
      },
      "dependsOn": [ ],
      "tags": {
        "displayName": "[parameters('serverFarmName')]"
      },
      "properties": {
        "name": "[parameters('serverFarmName')]",
        "numberOfWorkers": 1
      }
    },
    {
      "name": "[variables('webAppName')]",
      "type": "Microsoft.Web/sites",
      "location": "[resourceGroup().location]",
      "apiVersion": "2015-08-01",
      "dependsOn": [
        "[resourceId('Microsoft.Web/serverfarms', parameters('serverFarmName'))]"
      ],
      "tags": {
        "[concat('hidden-related:', resourceId('Microsoft.Web/serverfarms', parameters('serverFarmName')))]": "Resource",
        "displayName": "[variables('webAppName')]"
      },
      "properties": {
        "name": "[variables('webAppName')]",
        "serverFarmId": "[resourceId('Microsoft.Web/serverfarms', parameters('serverFarmName'))]"
      }
    }

  ],
  "outputs": {

  }
}
