{
  "$schema": "https://schema.management.azure.com/schemas/2019-04-01/deploymentTemplate.json#",
  "contentVersion": "1.0.0.0",
  "parameters": {
    "location": {
      "type": "string",
      "defaultValue": "australiaeast",
      "allowedValues": [
        "australiaeast",
        "brazilsouth",
        "canadacentral",
        "centralus",
        "eastasia",
        "eastus",
        "eastus2",
        "francecentral",
        "japaneast",
        "koreacentral",
        "northcentralus",
        "southcentralus",
        "southeastasia",
        "uksouth",
        "westcentralus",
        "westeurope",
        "westus",
        "westus2"
      ],
      "metadata": {
        "description": "Specifies the location for all resources."
      }
    },
    "sku":{
      "type": "string",
      "defaultValue": "basic",
        "allowedValues": [
          "basic",
          "enterprise"
        ],
        "metadata": {
          "description": "Specifies the sku, also referred as 'edition' of the Azure Machine Learning workspace."
        }
    }
  },
  "variables": {
    "workspaceName": "[concat('aml','-',substring(uniqueString(resourceGroup().id),0,10))]",
    "storageAccountName": "[concat('sa',substring(uniqueString(resourceGroup().id),0,10))]",
    "storageAccountType": "Standard_LRS",
    "keyVaultName": "[concat('kv','-',substring(uniqueString(resourceGroup().id),0,10))]",
    "tenantId": "[subscription().tenantId]",
    "applicationInsightsName": "[concat('ai','-',substring(uniqueString(resourceGroup().id),0,10))]",
    "containerRegistryName": "[concat('acr',substring(uniqueString(resourceGroup().id),0,10))]"
  },
  "resources": [
    {
      "type": "Microsoft.Storage/storageAccounts",
      "apiVersion": "2018-07-01",
      "name": "[variables('storageAccountName')]",
      "location": "[parameters('location')]",
      "sku": {
        "name": "[variables('storageAccountType')]"
      },
      "kind": "StorageV2",
      "properties": {
        "encryption": {
          "services": {
            "blob": {
              "enabled": true
            },
            "file": {
              "enabled": true
            }
          },
          "keySource": "Microsoft.Storage"
        },
        "supportsHttpsTrafficOnly": true
      }
    },
    {
      "type": "Microsoft.KeyVault/vaults",
      "apiVersion": "2018-02-14",
      "name": "[variables('keyVaultName')]",
      "location": "[parameters('location')]",
      "properties": {
        "tenantId": "[variables('tenantId')]",
        "sku": {
          "name": "standard",
          "family": "A"
        },
        "accessPolicies": []
      }
    },
    {
      "type": "Microsoft.Insights/components",
      "apiVersion": "2015-05-01",
      "name": "[variables('applicationInsightsName')]",
      "location": "[if(or(equals(parameters('location'),'eastus2'),equals(parameters('location'),'westcentralus')),'southcentralus',parameters('location'))]",
      "kind": "web",
      "properties": {
        "Application_Type": "web"
      }
    },
    {
      "type": "Microsoft.ContainerRegistry/registries",
      "apiVersion": "2017-10-01",
      "name": "[variables('containerRegistryName')]",
      "location": "[parameters('location')]",
      "sku": {
        "name": "Standard"
      },
      "properties": {
        "adminUserEnabled": true
      }
    },
    {
      "type": "Microsoft.MachineLearningServices/workspaces",
      "apiVersion": "2019-11-01",
      "name": "[variables('workspaceName')]",
      "location": "[parameters('location')]",
      "dependsOn": [
        "[resourceId('Microsoft.Storage/storageAccounts', variables('storageAccountName'))]",
        "[resourceId('Microsoft.KeyVault/vaults', variables('keyVaultName'))]",
        "[resourceId('Microsoft.Insights/components', variables('applicationInsightsName'))]",
        "[resourceId('Microsoft.ContainerRegistry/registries', variables('containerRegistryName'))]"
      ],
      "identity": {
        "type": "systemAssigned"
      },
      "sku": {
        "tier": "[parameters('sku')]",
        "name": "[parameters('sku')]"
      },
      "properties": {
        "friendlyName": "[variables('workspaceName')]",
        "keyVault": "[resourceId('Microsoft.KeyVault/vaults',variables('keyVaultName'))]",
        "applicationInsights": "[resourceId('Microsoft.Insights/components',variables('applicationInsightsName'))]",
        "containerRegistry": "[resourceId('Microsoft.ContainerRegistry/registries',variables('containerRegistryName'))]",
        "storageAccount": "[resourceId('Microsoft.Storage/storageAccounts/',variables('storageAccountName'))]"
      }
    }
  ]
}